cgpa,skills,internships,projects,aptitude,communication,certifications,backlogs,placed
9.37,ml,1,4,50,3,3,1,0
8.16,sql|dsa|python|dl,1,4,54,5,1,1,0
5.95,ml|c++|dsa|dl,2,4,45,9,1,3,0
9.33,dl|c++|ml,2,1,77,7,4,0,0
7.17,c++|ml,3,5,45,10,0,1,0
8.37,none,2,0,59,7,2,3,0
5.11,dl|sql|python,2,0,73,4,0,2,0
7.84,ml|sql,3,5,46,8,3,0,0
9.59,none,1,5,89,5,4,1,0
5.56,dl|dsa|ml,0,3,57,3,4,1,0
5.92,dl|c++|sql|java,3,5,80,5,1,2,0
9.64,ml|python|c++|sql,2,2,58,3,1,0,0
8.94,dsa,3,1,84,7,1,0,0
7.25,none,0,5,71,3,0,0,0
5.3,ml|java,1,4,90,10,4,3,0
9.12,python,2,0,42,7,3,1,0
8.7,ml|python,0,5,34,5,3,3,0
6.2,dsa,2,1,91,5,3,1,0
6.57,sql|dl|java,2,1,58,4,4,0,0
6.85,dsa|c++,2,0,45,7,4,3,0
6.6,python|c++|dl|java,1,2,70,7,0,1,0
7.97,dl,1,0,61,9,1,3,0
6.47,java|c++|ml|dl,0,3,52,8,2,1,0
8.25,java,3,1,41,4,4,2,0
5.94,python|dl|java|c++,1,3,88,7,4,3,0
7.52,c++|java|dl|dsa,1,1,45,6,0,2,0
7.72,sql|dl|dsa|ml,1,1,37,8,2,1,0
7.44,dsa|dl|ml|c++,3,1,91,9,0,0,0
7.0,dsa|c++,0,5,66,6,1,0,0
9.76,ml|dl|dsa,0,2,36,9,1,3,0
8.84,dsa|ml|java,2,5,95,6,1,3,0
5.17,none,2,0,87,5,3,1,0
6.06,dsa|ml|java,2,3,58,3,1,1,0
8.98,dsa|ml,1,5,56,3,1,3,0
5.83,java,1,3,38,6,1,1,0
6.53,dsa|c++,2,4,81,5,3,2,0
7.19,dl,2,5,94,5,3,1,0
8.34,c++|python|dl|sql,0,4,73,8,1,3,0
5.58,sql|dsa,2,2,40,7,4,1,0
9.51,java|c++|dsa|sql,1,5,86,8,2,0,0
8.22,none,1,5,37,7,0,0,0
7.12,c++|python|sql|dsa,2,4,65,8,3,0,0
8.79,none,3,0,40,10,3,3,0
6.97,c++|ml,3,5,86,5,2,2,0
9.13,none,2,2,32,5,4,2,0
6.25,dsa|python,2,3,57,9,0,3,0
9.43,dl,0,1,84,9,4,0,0
8.25,dsa|java,2,4,41,3,1,1,0
5.09,dl|sql,1,0,47,3,3,1,0
7.09,c++,1,2,94,5,4,3,0
9.37,python|dl,3,4,61,7,4,2,0
8.68,java,3,4,54,4,0,2,0
7.74,c++|ml|java|python,1,4,41,10,2,2,0
6.1,python|c++|dl,3,2,63,4,1,2,0
5.23,c++,0,5,60,3,2,1,0
5.17,dsa|sql|dl|java,2,3,82,5,4,3,0
6.58,python|c++,1,5,53,3,2,3,0
5.31,dl|c++|sql,1,3,53,6,1,2,0
5.7,dsa|python|c++,3,0,46,3,4,3,0
6.53,sql|java,1,3,54,7,3,2,0
5.06,ml|c++|python,0,2,73,7,3,0,0
5.89,ml,3,5,58,7,2,3,0
6.97,dl|ml|python|dsa,2,1,33,5,0,2,0
7.99,none,0,2,54,6,0,3,0
9.19,java,0,5,39,9,1,1,0
6.26,dl|dsa|sql|python,2,3,90,4,1,3,0
7.18,ml|java|c++|sql,3,5,50,9,2,0,0
8.74,sql|c++,2,0,75,10,4,3,0
5.58,python,1,1,70,4,4,3,0
6.28,dsa,1,1,88,4,0,2,0
9.52,none,0,5,40,8,2,1,0
8.14,c++|sql|ml,0,1,77,3,1,0,0
9.8,none,1,5,51,8,0,3,0
9.55,java,0,4,86,9,0,2,0
5.06,dl|c++,2,5,58,6,3,2,0
6.15,none,3,3,39,5,0,0,0
6.02,ml|c++|java,3,2,46,7,4,2,0
8.59,c++|ml|python|dl,3,1,65,5,3,2,0
6.7,ml|python,3,4,79,6,1,3,0
8.1,dl|python|ml,3,5,52,10,3,0,0
5.51,none,2,2,86,7,0,2,0
8.76,python|dsa|sql,3,3,40,7,3,3,0
5.55,sql|ml,0,2,46,4,4,1,0
5.03,python|c++|java,2,2,82,8,3,1,0
6.56,python|ml,2,2,77,7,4,2,0
9.54,ml|java|python|c++,0,0,86,8,0,3,0
8.09,sql,3,4,82,4,4,3,0
8.13,ml|c++|java|dsa,2,0,62,9,1,3,0
6.35,java|python,2,5,74,6,2,3,0
8.24,python|c++|sql|dsa,2,2,44,3,3,0,0
6.32,dl|sql,0,4,81,8,2,0,0
7.9,python,3,4,83,8,1,3,0
5.97,ml|c++|sql,0,2,69,9,3,3,0
6.2,java|python,3,0,92,7,3,3,0
5.53,dsa,1,4,94,7,3,0,0
6.93,dsa|dl|c++|sql,2,4,70,5,1,3,0
5.36,python|java,0,0,73,10,2,0,0
8.9,dl,3,2,61,7,1,0,0
6.11,dsa|ml|java,3,3,36,10,1,0,0
5.2,java|c++|dl,1,4,52,10,0,2,0
7.14,java,2,0,56,5,3,3,0
8.65,java,0,3,31,4,0,2,0
6.39,java|ml|dl|dsa,0,3,85,5,4,0,0
5.29,dl,0,3,51,6,1,2,0
5.94,c++|dsa|dl,3,2,69,10,4,3,0
8.1,java|python|sql|c++,3,2,77,6,0,1,0
9.04,none,3,3,78,4,3,0,0
8.75,dl|python,0,4,74,3,3,2,0
8.98,c++,2,2,78,5,3,3,0
8.37,java|python|dsa,2,0,49,5,0,3,0
5.76,sql|c++|dsa,0,4,86,4,3,1,0
5.73,none,0,5,37,8,4,3,0
5.65,dsa|java|ml,3,3,47,9,2,3,0
5.26,c++|java|python,2,5,80,6,4,3,0
8.24,dl,0,5,63,3,4,2,0
6.53,dl|c++|java,3,0,80,3,3,2,0
8.21,dsa|python,0,1,43,4,2,2,0
7.62,sql|c++|dsa,1,0,40,6,4,2,0
8.29,c++|sql|dsa,3,3,55,10,2,3,0
7.79,sql|java|dsa,0,5,46,8,0,3,0
5.81,java,3,3,60,5,4,0,0
8.32,java,2,1,86,8,4,1,0
8.32,none,0,3,66,8,1,1,0
9.18,sql|ml|python|dsa,3,1,48,9,4,1,0
6.94,c++,1,0,83,6,3,2,0
6.69,java|python|dsa|ml,1,2,41,7,0,0,0
6.55,dsa,1,1,94,3,3,2,0
5.43,none,2,2,45,7,2,1,0
5.35,dl|dsa|java,2,2,54,8,4,1,0
6.64,dl,3,2,67,10,1,0,0
6.74,c++|dsa,2,4,63,10,4,3,0
6.04,none,2,3,71,9,4,2,0
7.62,sql,1,2,60,6,4,2,0
7.09,none,3,2,77,4,0,2,0
8.9,dsa|ml|sql,1,5,64,9,1,0,0
6.81,java|ml|sql,1,1,58,4,4,1,0
6.17,java|c++,0,0,71,5,3,3,0
7.23,dsa|ml|sql,1,1,31,10,2,2,0
6.77,ml,1,5,46,8,0,2,0
8.37,none,3,2,35,10,2,3,0
5.65,dl|ml,2,1,56,7,2,0,0
7.04,dl|c++|python|dsa,0,1,92,3,3,2,0
9.34,dl|ml,2,1,37,6,0,2,0
9.8,c++|python,3,2,39,7,1,0,0
9.66,python|dsa,2,5,59,8,0,0,0
8.81,ml|sql,2,2,38,8,2,3,0
7.65,none,1,5,84,7,3,2,0
8.89,none,2,2,30,6,4,0,0
5.13,dl|c++|ml,2,4,90,4,2,0,0
6.61,ml|dl|dsa|c++,0,2,46,10,2,1,0
7.45,none,2,1,93,8,2,0,0
7.16,ml|dsa|sql|python,2,3,52,3,1,2,0
5.63,python,2,2,36,7,1,0,0
9.26,java|python|ml,3,2,92,3,1,1,0
9.78,none,0,3,73,10,3,3,0
5.24,ml|java|sql|python,2,5,57,6,2,2,0
6.19,c++|java|ml,2,5,58,6,1,2,0
8.58,none,0,0,81,8,2,1,0
7.08,dsa|python,3,4,38,3,3,2,0
9.6,dl,2,4,31,5,2,1,0
8.32,none,3,5,90,10,4,2,0
5.55,sql|dl|java|python,0,3,70,9,4,1,0
7.1,java|ml|c++|python,1,5,65,10,2,2,0
6.91,dsa|sql,1,4,70,5,2,0,0
9.28,dl|java|python,1,1,37,3,0,1,0
8.16,ml|dl,0,4,50,9,2,0,0
7.06,sql|dl|python,1,3,40,3,0,1,0
6.64,dsa|java,1,4,35,3,3,2,0
7.06,dl|c++|python,0,2,60,9,1,0,0
7.09,java|python,3,0,32,6,3,1,0
7.99,dl,3,4,78,8,4,0,0
8.88,dsa,1,0,31,3,2,3,0
6.13,dsa|dl,0,1,50,3,3,2,0
6.89,sql|python|dl,3,5,89,7,3,1,0
8.83,sql|java|ml,1,5,33,9,4,0,0
6.49,java,2,1,69,3,2,3,0
5.49,none,1,0,32,3,3,2,0
9.63,dl|sql|ml|c++,2,4,48,7,4,3,0
8.56,none,2,3,92,7,4,0,0
7.64,python|c++|dsa|java,1,3,45,10,1,1,0
7.27,dsa,2,4,36,4,3,2,0
8.66,none,0,1,94,8,0,3,0
9.78,dsa,0,2,47,8,3,2,0
5.63,none,1,2,87,4,0,2,0
6.18,dl|sql|java|ml,2,1,41,4,2,2,0
9.59,dsa|ml,2,5,40,5,4,0,0
6.16,none,0,1,53,5,0,0,0
5.66,dl|c++|python,3,3,37,9,1,3,0
8.2,none,3,3,52,9,4,2,0
9.53,none,2,1,37,9,2,2,0
9.6,c++|sql|dl|ml,1,2,84,4,2,3,0
7.65,dsa|dl|c++|ml,0,5,48,6,2,3,0
9.69,c++|java,3,0,42,8,0,1,0
7.32,c++|ml,0,0,71,3,3,1,0
7.96,c++|ml|java,1,0,71,5,2,0,0
8.9,dl|ml|python|dsa,1,0,53,7,2,0,0
7.9,none,3,5,70,10,0,3,0
9.68,dl,3,4,30,9,0,2,0
6.51,python|dl,2,5,89,5,2,0,0
8.23,dl|java,0,2,42,3,1,2,0
7.04,dsa|dl|ml|java,1,5,45,10,0,2,0
6.64,sql|java|dl|python,0,3,55,4,3,1,0
7.2,python|java|dsa|sql,3,0,69,10,3,1,0
9.32,python,3,1,89,6,2,0,0
7.82,c++|dl,3,3,94,5,1,1,0
7.69,none,2,1,87,10,4,2,0
7.09,c++,1,2,49,5,3,3,0
8.27,none,0,5,40,8,2,1,0
5.8,sql|java,1,5,94,3,3,0,0
6.52,none,2,4,63,3,1,0,0
7.45,java|dsa|dl,1,1,61,7,1,1,0
9.08,ml|c++|python,1,0,91,5,1,3,0
9.7,dsa,2,0,65,9,3,3,0
9.18,ml|dsa|sql|python,3,5,76,5,1,0,0
8.51,ml|c++,2,3,74,7,4,3,0
9.14,c++,0,3,90,7,2,2,0
5.62,none,0,4,72,9,0,1,0
6.22,java|python|ml,3,4,76,3,0,2,0
8.65,none,2,5,44,8,2,0,0
9.17,c++|python|java,1,5,74,10,2,0,0
9.48,c++|dsa|dl,3,2,85,6,4,0,0
5.99,python,2,1,37,8,1,3,0
6.71,java|python|c++,2,3,90,8,1,1,0
5.1,dl,1,5,46,6,2,2,0
8.01,ml|python|java,0,3,95,5,2,0,0
7.33,dl|sql|ml,2,1,37,3,3,0,0
7.37,c++,0,3,67,10,2,3,0
5.06,sql,1,2,70,9,3,1,0
9.58,dsa|java|python,3,5,57,8,1,1,0
8.66,sql|python|dsa|ml,2,2,80,3,3,1,0
6.95,ml,0,2,40,3,1,2,0
8.39,dsa|dl,3,0,38,3,1,1,0
9.15,c++|python|java,1,1,47,9,0,3,0
9.16,none,1,5,50,3,2,0,0
6.94,dsa|java,0,0,47,6,2,3,0
9.12,c++|java,3,5,48,10,0,3,0
9.42,sql|c++|ml,1,3,83,7,0,2,0
7.42,none,1,5,85,4,3,1,0
5.15,c++,2,5,69,5,1,3,0
7.98,none,3,2,62,3,1,1,0
8.29,sql,0,5,93,3,1,0,0
6.15,python|dl,3,0,40,5,2,2,0
8.94,sql|java|c++,0,5,41,6,0,1,0
8.57,none,1,2,85,8,2,2,0
7.18,dl|ml|sql,0,0,90,4,0,3,0
7.87,sql,0,1,38,9,3,2,0
8.31,sql|dsa,1,1,35,9,1,1,0
5.47,sql|python|dl|ml,3,3,78,9,4,1,0
6.9,ml|python|java|dsa,3,2,49,10,4,1,0
7.32,dl,0,2,83,6,3,2,0
8.53,dsa,2,1,72,10,2,0,0
7.48,java|dl|ml,0,2,31,9,2,3,0
8.02,python|java|sql|dsa,1,4,58,5,4,0,0
6.73,c++|dl,0,0,78,6,3,2,0
6.82,none,3,2,53,6,3,1,0
7.15,sql,3,3,63,6,1,1,0
5.82,dl,1,0,93,5,2,2,0
6.59,c++,3,3,70,9,1,2,0
8.16,sql,2,3,71,8,4,3,0
5.9,none,0,2,70,4,0,3,0
8.99,dsa|sql|java,1,3,40,10,1,0,0
8.03,sql|java,1,3,35,6,2,2,0
8.56,c++|dl|java|sql,2,4,43,8,2,0,0
5.39,java|python|dsa|ml,2,4,78,3,2,1,0
7.85,dsa|sql|ml,0,2,75,9,1,2,0
5.47,dl|python,0,0,49,5,4,2,0
8.97,dl|python|sql|ml,1,4,80,9,1,1,0
6.73,c++|java,2,2,32,3,4,1,0
7.81,dsa|c++,3,4,30,9,4,3,0
6.85,python,0,0,95,5,3,1,0
5.9,dsa,1,3,67,10,3,1,0
9.32,dsa,0,1,66,5,2,3,0
5.75,sql|python|java,1,3,87,3,3,2,0
6.89,dl|sql,1,5,91,8,4,1,0
6.02,dsa|python,0,1,80,5,4,3,0
6.81,ml|dl|python|c++,1,1,54,10,2,2,0
8.38,c++|sql,3,1,38,7,3,3,0
5.21,ml,0,4,32,9,1,0,0
8.61,sql,0,4,69,10,0,3,0
6.99,c++|dl|dsa|python,1,3,60,9,1,0,0
7.9,none,2,3,39,10,3,3,0
7.75,dl|java|c++,0,2,85,7,2,1,0
8.58,sql|java,0,3,55,7,2,0,0
5.46,java|dl,1,0,55,8,4,1,0
7.51,dl|sql|dsa|python,1,3,43,5,2,2,0
5.33,c++|dsa,0,2,92,3,1,0,0
5.48,none,0,2,47,9,0,1,0
8.5,ml|dl|python|sql,3,0,69,4,0,2,0
5.12,sql|python|dl|java,2,2,68,3,2,0,0
5.65,c++|java|dl,1,1,40,3,0,2,0
6.23,none,0,3,76,4,3,3,0
6.84,sql|java,2,3,69,10,0,3,0
8.55,ml,0,0,74,3,4,1,0
9.57,java|c++|ml,3,3,32,3,4,2,0
9.31,sql|ml,1,3,40,10,1,2,0
7.55,dsa|sql|java|python,1,2,90,3,2,2,0
5.29,python,1,4,91,7,2,2,0
5.11,c++|dl|python|dsa,2,3,83,5,4,1,0
7.85,none,2,3,45,3,0,2,0
7.69,dl,0,3,50,8,2,0,0
7.17,dl|c++|python,1,5,30,3,4,1,0
5.29,ml,2,5,81,8,4,3,0
8.98,python,0,2,82,4,4,0,0
6.99,ml|sql|python,2,0,95,3,2,1,0
5.78,sql,3,2,47,10,2,2,0
7.64,none,1,2,73,5,2,0,0
8.78,dsa|sql|ml|c++,2,3,36,5,4,0,0
8.25,sql,0,1,55,3,4,0,0
9.7,none,3,5,81,5,2,0,0
8.5,dsa,0,3,30,6,0,1,0
8.69,dsa,0,1,33,6,1,2,0
6.98,dl,2,4,82,4,3,0,0
9.03,ml|sql,2,1,90,5,0,2,0
5.5,c++,1,5,94,7,2,0,0
5.56,dsa|python,3,5,48,8,3,1,0
5.45,java,3,4,36,3,0,1,0
5.6,none,3,3,43,8,4,1,0
8.47,none,3,4,92,10,4,2,0
5.43,c++|sql|dl|java,3,2,93,5,0,2,0
6.68,ml|java|sql,3,5,75,8,4,1,0
8.96,python,0,1,52,3,2,3,0
7.06,none,3,4,90,10,2,0,0
6.32,python|java|dl|dsa,3,2,75,7,2,2,0
5.48,none,0,4,41,9,4,1,0
7.89,dl|c++,1,2,92,7,2,1,0
9.0,python|ml|sql|dsa,3,4,74,8,4,2,0
8.88,dsa|java|python|dl,2,2,74,8,1,2,0
6.39,none,0,0,93,5,1,3,0
7.86,sql|c++,0,4,82,8,2,3,0
6.02,c++|ml|dsa|sql,0,5,74,10,2,0,0
6.57,c++|sql|dl|java,1,3,82,6,4,1,0
8.8,sql|python|java,1,0,49,6,3,3,0
9.2,python|c++|java,2,0,81,4,2,0,0
8.44,c++,2,4,80,10,2,3,0
9.14,sql|ml,1,5,87,8,0,1,0
8.11,ml|c++|dl|sql,3,0,30,5,2,1,0
9.08,java|ml,1,3,75,9,3,0,0
9.62,ml|c++|python|dsa,0,5,42,4,3,0,0
8.23,c++|ml|dl,3,1,57,4,2,3,0
9.72,dsa,2,0,32,5,2,0,0
5.79,java|dsa,1,4,61,8,0,2,0
9.42,java|sql|ml,3,3,67,10,0,0,0
6.2,none,0,4,61,8,3,2,0
8.62,java|sql,2,2,35,8,0,3,0
7.95,dsa|java|dl|c++,1,3,81,6,3,2,0
5.5,ml,1,0,34,10,0,0,0
9.4,sql|python,0,1,53,7,1,3,0
5.79,c++|sql|python,2,1,62,8,2,3,0
9.65,dl|python|java|sql,0,2,74,3,3,2,0
5.69,none,2,3,81,7,3,1,0
8.43,c++,1,0,36,6,0,1,0
7.27,python,3,5,62,4,1,3,0
8.28,java|python|sql|dl,3,5,92,7,1,0,0
6.93,c++,2,3,46,4,0,0,0
6.77,c++,1,0,81,6,3,0,0
6.18,none,1,3,60,7,1,1,0
8.61,none,0,5,67,7,3,2,0
5.8,none,2,3,44,3,2,2,0
8.04,java|ml|sql,0,1,43,3,0,3,0
8.25,sql|dsa|dl|ml,1,1,92,10,2,0,0
6.58,none,0,1,47,3,1,2,0
6.75,dsa|ml|dl,1,0,32,7,4,2,0
6.71,python,1,4,72,5,2,0,0
9.78,python|dsa|c++|dl,3,3,83,9,0,0,0
7.54,dl|java,3,5,75,3,1,1,0
8.19,dsa|dl|python|c++,2,4,87,7,0,0,0
5.24,ml|dl,1,1,40,7,3,2,0
5.42,python|ml|java,1,5,89,4,2,3,0
6.97,none,0,0,84,4,1,2,0
5.53,sql|python|c++|java,1,4,50,10,0,0,0
7.48,ml,1,5,95,7,3,2,0
6.86,python|c++|dsa|sql,0,4,79,7,2,3,0
7.52,dsa|ml|sql|java,0,2,94,5,3,2,0
7.94,dsa,0,4,61,3,3,1,0
8.5,dsa|java|dl|ml,0,0,35,6,1,2,0
7.67,python,2,1,51,9,4,2,0
5.47,dsa|java|c++|ml,2,0,68,3,4,3,0
8.54,python,1,3,34,4,1,0,0
9.65,dsa|python|c++|sql,3,0,80,9,1,0,0
8.86,dl|java,1,0,30,3,2,0,0
6.22,dl|java,3,5,32,5,2,1,0
7.27,none,0,3,52,8,4,0,0
6.16,ml,0,3,81,6,4,2,0
9.56,python,2,4,40,5,1,3,0
5.75,java,1,0,72,8,0,1,0
6.35,none,3,1,71,3,3,0,0
7.98,java|dsa,1,0,70,10,4,3,0
5.19,python|ml|sql|java,0,1,41,4,2,3,0
9.76,none,1,5,89,3,3,2,0
5.07,ml|sql|c++,3,3,30,9,1,2,0
5.61,sql,3,2,46,3,3,1,0
6.2,java|dsa,3,5,78,7,3,0,0
7.03,c++|java|dl|ml,1,1,70,4,4,1,0
8.64,java|sql|ml|c++,0,3,34,10,0,3,0
7.75,java|dl|dsa|c++,1,2,44,7,2,3,0
8.75,sql|ml,1,1,39,6,0,2,0
8.74,c++,3,0,42,3,3,2,0
6.53,java|dl|python|c++,0,5,34,6,4,3,0
5.14,c++|python,3,3,34,9,1,2,0
9.15,sql|ml|dsa|java,0,0,74,3,4,3,0
9.67,dsa,1,1,49,5,1,3,0
8.17,none,0,2,64,9,0,3,0
7.0,none,3,5,63,6,3,3,0
7.82,ml,2,3,95,7,0,1,0
8.18,ml|sql,1,0,62,7,2,0,0
5.75,dsa|sql|ml|dl,3,0,90,4,3,0,0
7.06,java|dsa,0,5,39,10,4,1,0
7.5,sql|c++,3,0,62,5,4,1,0
7.63,c++|python|java,3,4,66,7,4,0,0
6.77,java|dl|sql,1,2,47,8,3,0,0
9.32,sql|java|ml|python,0,0,91,6,1,1,0
5.27,java,3,1,87,9,3,0,0
7.43,dsa|sql,1,3,30,3,4,1,0
5.84,none,1,0,58,6,0,1,0
6.82,java,2,0,64,5,3,0,0
9.32,ml|sql|dl|dsa,2,3,65,4,4,0,0
9.39,dsa|sql|dl,3,2,66,8,3,1,0
5.65,dl|dsa|c++,0,3,32,8,1,1,0
9.41,python,2,5,77,9,3,1,0
8.64,ml|java,0,2,86,6,4,2,0
5.81,ml|python|sql,3,5,60,9,1,0,0
5.63,ml|dsa|sql|java,2,4,74,6,4,0,0
8.66,dl|java|python|dsa,2,4,47,4,4,0,0
9.61,dl|sql,0,2,72,10,4,2,0
5.37,sql,3,4,58,4,4,0,0
7.64,dl|dsa|java,2,1,70,5,4,3,0
7.47,dl,3,4,51,4,4,0,0
9.03,python|dsa|dl,3,5,86,9,3,3,0
5.36,dsa,3,0,82,3,0,1,0
7.88,dl|sql|python|java,1,2,33,7,3,0,0
8.72,dl|ml,3,5,33,3,2,3,0
6.26,dl|dsa|sql,2,3,57,5,4,2,0
8.49,none,2,4,62,4,3,0,0
9.49,dsa|dl,2,3,70,6,2,3,0
7.3,java|dsa|c++,1,4,34,10,4,0,0
6.71,sql,3,4,30,3,3,0,0
7.04,java|ml|python,3,0,39,5,1,0,0
5.7,sql|c++,0,5,61,3,2,0,0
6.04,c++|dl|sql,2,4,82,5,1,1,0
7.72,c++|dl,3,0,50,9,4,2,0
9.2,dsa|sql|dl,0,5,52,6,4,0,0
8.8,ml|python|sql,2,4,83,6,1,2,0
6.69,c++,2,0,91,6,0,2,0
7.04,c++,3,4,85,5,0,2,0
5.85,python|ml|sql|dsa,0,3,34,8,1,1,0
9.14,dsa|java|sql|python,3,1,90,10,0,1,0
8.82,none,0,4,71,5,3,3,0
8.11,sql|dsa,2,5,44,5,1,1,0
7.96,none,0,4,61,5,3,3,0
8.2,sql|dl,3,3,83,9,4,1,0
6.8,java,3,4,42,3,0,3,0
5.54,dl|python,1,0,35,6,4,0,0
7.17,dsa|ml,2,2,50,9,3,2,0
6.27,java|dl|ml|c++,3,2,36,10,1,3,0
8.32,sql|c++|ml,3,0,34,10,1,2,0
9.11,dsa,2,5,72,10,2,3,0
5.03,none,3,4,92,10,2,3,0
5.74,sql,2,0,66,7,1,2,0
6.84,none,0,5,86,9,1,0,0
5.48,python|java|c++,1,5,48,7,1,0,0
6.23,sql,2,2,80,8,1,3,0
7.56,ml|python,2,3,70,8,4,0,0
8.5,ml|c++|java,2,3,70,9,1,0,0
6.23,dl|dsa,3,0,53,5,2,0,0
8.84,c++|ml|dl,2,0,44,7,3,3,0
7.53,dsa|python|dl,3,4,33,9,3,2,0
5.16,dl|ml|python|c++,3,1,51,7,2,2,0
7.27,none,2,5,71,4,2,2,0
9.28,c++|sql|dsa,2,1,85,8,0,3,0
5.79,none,3,0,79,7,4,0,0
6.01,none,1,2,34,7,4,0,0
5.62,ml,3,3,32,5,1,1,0
7.38,c++|dl|dsa|java,1,1,41,5,3,2,0
6.64,none,1,5,39,10,2,2,0
9.22,none,2,2,90,5,0,0,0
9.46,ml|dl,0,1,82,10,1,3,0
5.63,python|dsa|ml,3,2,45,4,0,2,0
8.7,none,0,2,83,8,3,1,0
5.08,python|java|ml|sql,0,1,32,3,3,3,0
6.73,python|dl,2,1,51,4,1,1,0
6.29,none,1,1,94,6,4,2,0
9.45,ml|java|python,3,3,59,4,3,3,0
7.24,none,1,2,68,10,4,3,0
7.11,sql,2,2,56,3,1,2,0
5.3,dsa|java|python|ml,3,0,72,9,1,1,0
7.92,dsa|python|c++|dl,3,4,46,9,4,0,0
5.03,none,3,1,37,8,1,2,0
5.43,none,3,4,49,10,1,0,0
5.41,none,2,3,51,10,3,3,0
9.33,dl|sql,0,4,67,5,1,2,0
8.47,ml|dl|java,1,1,75,6,1,1,0
9.3,dsa|python|sql|dl,2,3,47,4,0,1,0
6.98,none,1,4,45,8,2,1,0
8.7,c++|sql|dsa,2,5,68,10,0,1,0
7.65,none,2,3,77,10,0,3,0
8.97,java,0,3,89,9,4,0,0
7.99,none,0,5,95,8,1,2,0
6.29,python,3,5,32,7,2,1,0
6.96,java|python|dsa|ml,2,2,47,7,2,0,0
7.95,c++|java|dl|python,0,1,71,10,1,1,0
6.21,none,1,1,30,3,3,1,0
5.98,c++,2,2,63,6,1,3,0
6.78,java|sql|ml,1,5,37,10,0,0,0
8.75,java,1,5,64,6,3,1,0
8.69,none,0,4,80,6,2,3,0
5.75,dl|sql|ml|java,1,2,59,7,2,3,0
6.76,dsa|sql|dl|ml,3,0,95,4,0,2,0
7.55,sql|c++,1,5,46,8,2,3,0
8.31,ml|dsa|python,0,4,69,4,0,1,0
6.31,dsa|dl|sql,1,0,40,8,0,0,0
9.01,python,3,2,76,5,0,2,0
6.88,python,2,0,63,6,2,2,0
6.45,none,1,1,61,5,1,2,0
9.07,c++|python|ml|dl,0,1,93,7,2,3,0
5.02,java|sql,1,4,51,7,3,2,0
5.94,dl|sql,3,2,38,4,4,1,0
6.85,java|python|dsa,3,5,68,7,4,1,0
6.46,python,3,4,57,10,4,1,0
6.0,python|dl|c++|dsa,2,3,76,9,1,2,0
7.92,ml|python,2,3,60,9,1,0,0
8.82,python|dl,2,3,41,8,2,3,0
5.57,none,1,3,43,5,0,2,0
9.17,none,1,3,51,3,3,0,0
6.84,dsa,2,0,81,6,3,1,0
5.83,dsa|ml|dl,2,0,77,10,2,0,0
7.83,c++|python|sql|java,3,1,95,3,4,2,0
9.71,java,1,0,57,4,2,0,0
6.06,c++|python,0,5,94,7,4,3,0
5.94,none,0,5,38,10,0,2,0
7.86,sql|dsa,2,1,67,5,3,2,0
9.3,python|c++|dsa,1,1,58,6,2,1,0
5.85,java|dl|ml,0,0,44,8,0,3,0
6.67,sql|ml,1,3,53,7,0,0,0
8.86,sql|python|dl|ml,2,0,92,6,0,0,0
9.56,sql|python,1,4,58,10,4,1,0
9.59,c++|sql|dsa,0,0,41,9,0,2,0
6.69,none,2,5,90,10,1,3,0
9.75,dsa|dl|c++,2,4,91,3,2,3,0
8.88,ml|java|sql,2,4,44,5,1,1,0
8.74,python|java,1,5,81,7,0,1,0
7.88,python|dsa|sql|dl,3,2,77,7,2,0,0
7.0,c++|java,3,4,77,10,4,3,0
8.77,sql|c++|dl|java,3,5,77,5,4,1,0
8.2,dsa|c++,1,4,58,10,1,3,0
8.73,none,0,3,91,7,1,2,0
8.24,dl|sql|dsa,1,5,65,3,3,2,0
5.9,python|java,2,3,36,8,1,1,0
8.22,dl,0,1,53,5,0,2,0
6.66,dsa,1,3,88,9,0,3,0
9.26,sql|dl|java|c++,2,1,78,5,1,1,0
5.67,dl,1,1,39,3,0,0,0
6.6,dsa,2,0,56,9,4,1,0
5.16,none,1,4,70,5,1,3,0
9.62,none,2,4,44,5,0,0,0
9.22,sql|dl|java,1,1,60,7,2,0,0
7.67,dsa,0,5,63,6,2,0,0
6.61,ml|python,1,4,41,7,2,1,0
5.03,java|dl|c++|ml,3,1,80,4,4,3,0
8.0,none,1,5,73,8,4,3,0
7.75,c++,0,3,76,7,2,3,0
9.1,none,0,0,48,3,1,1,0
9.08,dl,2,4,38,7,2,3,0
7.75,java|dl,0,2,36,10,3,3,0
7.71,ml|sql,2,4,65,6,0,0,0
5.21,dl|python|dsa,2,3,34,5,0,1,0
6.36,c++|dsa,1,3,55,7,3,1,0
6.89,python|dsa,0,1,66,6,2,2,0
8.06,sql,1,0,73,9,0,2,0
6.53,c++|sql|python,1,3,77,10,4,2,0
8.19,python|c++|dl,3,4,76,9,3,1,0
9.02,ml|sql,0,4,82,8,0,1,0
8.79,dsa,0,2,48,8,3,3,0
5.05,none,2,0,86,3,1,2,0
6.19,sql,1,2,64,10,1,3,0
8.14,dl,3,5,80,3,0,2,0
6.74,dsa|ml|java,0,1,32,7,4,0,0
6.55,ml|c++|python,1,3,60,3,1,2,0
7.85,none,2,2,47,10,1,2,0
6.34,c++,1,0,32,3,4,0,0
6.5,dl|ml|sql,1,2,92,7,2,2,0
7.82,c++|python,3,2,61,10,3,1,0
8.37,none,0,1,66,10,4,0,0
5.37,none,0,3,71,9,3,2,0
7.91,python|dsa|ml|dl,1,2,93,5,0,2,0
6.72,java|ml|python,0,1,82,8,1,2,0
7.1,sql|ml|c++,0,2,56,4,2,2,0
8.11,java|python,2,1,63,8,3,3,0
9.49,none,1,1,95,4,3,1,0
5.81,c++|dl,0,4,92,6,0,2,0
6.56,c++|dsa,1,1,76,10,1,1,0
6.79,none,2,3,94,6,3,2,0
7.24,none,0,3,59,3,1,2,0
5.7,sql,1,4,39,7,4,3,0
8.61,none,0,5,75,7,3,3,0
5.68,dl|python|java|sql,0,4,42,8,2,3,0
6.42,java|python|dsa|ml,3,4,41,6,0,1,0
9.03,java,2,1,87,6,3,3,0
6.35,dsa|java|dl,0,2,47,4,3,1,0
8.52,none,1,1,68,6,0,3,0
9.2,dsa|c++|dl|python,3,5,47,7,1,2,0
8.35,none,1,1,51,9,4,2,0
7.37,sql|java|dsa,2,2,37,7,2,2,0
8.84,sql,1,2,54,6,0,3,0
5.63,java|ml|dsa|c++,1,4,58,10,2,3,0
8.27,java|sql|dsa|dl,2,5,85,6,0,0,0
6.81,sql|c++,2,4,60,4,1,0,0
5.22,c++,0,0,34,7,4,3,0
6.98,sql,3,2,58,6,4,0,0
8.21,c++|sql|python,0,4,50,10,2,0,0
7.78,c++,2,1,48,8,4,0,0
8.18,ml|java|python,1,3,38,5,4,0,0
5.28,java|sql|c++,0,1,69,8,0,2,0
5.75,ml|java|sql,1,3,89,7,4,2,0
6.71,sql|python,0,1,31,3,3,0,0
6.66,sql|c++|python|ml,0,1,93,9,3,2,0
7.58,none,0,1,95,6,2,0,0
5.38,sql,1,3,85,9,2,0,0
9.44,c++|dsa|ml,1,0,89,5,2,1,0
7.51,python,2,4,45,6,4,1,0
6.64,dl,3,5,41,8,4,1,0
6.99,c++|dsa|python,3,2,33,4,3,0,0
9.41,python|java,3,2,47,9,1,3,0
8.58,dl|c++,1,0,44,5,3,0,0
5.91,none,3,5,40,7,1,3,0
8.88,ml,0,2,32,3,0,0,0
6.51,dl|python,3,2,90,5,1,3,0
7.13,python,2,4,45,5,3,3,0
7.17,dsa|ml|java,0,0,40,3,2,3,0
5.78,dl|python|c++|sql,2,0,47,9,1,0,0
9.69,sql|c++|dsa|java,2,0,76,4,1,3,0
9.68,sql,2,1,89,3,3,2,0
9.05,dl,0,1,49,4,2,3,0
6.96,ml|python|java|dl,3,4,63,5,4,2,0
5.7,c++,3,4,56,4,3,2,0
5.33,sql|python|ml,1,5,35,10,1,0,0
5.59,ml|sql,2,3,51,7,4,1,0
5.37,sql|c++|dl,0,0,87,9,2,3,0
9.48,ml|dsa|sql|dl,1,2,91,3,3,2,0
9.73,none,0,4,52,8,2,3,0
6.74,dl,3,4,66,7,3,3,0
6.18,c++|python|sql|java,2,4,32,6,0,1,0
7.78,none,3,5,53,9,1,1,0
6.75,java|dsa,0,4,87,4,2,2,0
9.43,java|dsa|ml|dl,1,2,74,3,1,3,0
5.4,c++|dl|java|dsa,2,2,50,3,0,1,0
8.56,ml|java|c++|python,1,4,74,9,1,2,0
6.55,ml,0,5,38,4,2,1,0
7.71,dl|dsa|ml|python,3,2,44,6,2,3,0
6.54,dsa,0,4,56,6,0,0,0
7.29,sql|ml|c++|python,2,2,78,5,3,0,0
8.62,sql|c++|ml,2,4,79,9,4,3,0
5.81,java|c++,2,2,62,3,0,3,0
8.81,none,0,0,79,9,1,1,0
8.61,dl,3,0,37,9,1,1,0
8.1,java|c++|dsa|sql,3,0,63,4,0,0,0
8.5,python,1,4,88,10,2,2,0
7.24,none,1,4,75,5,1,0,0
7.13,dsa|ml|sql|java,2,3,52,4,0,2,0
7.59,c++,1,0,42,10,0,0,0
6.24,none,2,3,50,4,1,3,0
5.29,python,2,2,30,9,1,1,0
5.42,python|sql|ml|c++,3,3,40,10,3,3,0
7.37,dl|java|ml|sql,0,2,93,6,3,1,0
8.13,java|dl,3,4,92,9,0,3,0
7.99,none,2,0,74,7,4,0,0
7.63,c++|ml|dl|java,3,4,83,6,1,3,0
9.77,none,2,1,49,6,2,2,0
5.97,python,1,0,89,9,2,0,0
5.83,dsa|java|ml|sql,3,2,72,10,0,1,0
8.47,dsa|python,0,3,40,3,4,2,0
6.31,java|dsa|sql,3,4,42,5,2,0,0
9.19,python|c++|sql|dsa,3,2,45,5,3,2,0
9.27,none,2,5,33,9,3,1,0
6.84,c++|python|dsa|ml,3,1,82,3,2,3,0
5.29,none,0,5,45,10,1,0,0
9.21,c++|dl,2,4,38,7,2,1,0
5.39,ml|java|sql,1,5,93,8,1,0,0
5.93,none,2,0,31,8,3,3,0
8.65,ml|java,2,0,37,8,4,2,0
8.99,sql,0,3,47,3,4,0,0
5.87,none,1,2,47,7,2,0,0
8.96,python|dsa|sql|ml,0,1,76,4,2,2,0
5.48,dl|c++|dsa,3,3,57,10,3,1,0
6.68,sql|python|c++|java,2,0,41,10,4,1,0
8.7,none,3,5,32,4,4,2,0
7.7,c++|ml|dl,1,2,46,7,2,3,0
6.85,sql|dl|java|python,3,5,85,7,2,3,0
5.69,sql|python,1,4,89,5,4,1,0
5.8,none,3,4,78,7,1,1,0
6.81,dl|sql|dsa|c++,0,2,67,4,2,0,0
6.19,c++,0,5,72,6,3,3,0
7.17,python,3,4,81,6,3,3,0
6.79,sql|dl|python,0,3,63,3,2,2,0
6.1,python|sql|java,3,5,64,6,3,0,0
6.8,sql|ml|python,3,0,54,7,4,3,0
9.38,ml,1,2,87,8,3,0,0
5.58,dl|dsa|java|c++,2,1,59,5,1,3,0
9.73,none,2,4,74,3,2,1,0
7.63,python|dsa|sql,1,4,84,8,2,2,0
5.34,dsa,0,5,90,8,3,1,0
5.01,c++,0,2,37,8,2,0,0
6.77,java|dsa|c++,1,4,34,3,2,1,0
9.45,none,0,0,59,7,2,0,0
9.75,python|java,1,3,62,7,1,1,0
5.91,java|c++,0,2,46,6,2,1,0
5.64,dsa|dl|c++|python,1,1,89,9,2,0,0
8.66,none,1,0,89,10,4,2,0
6.0,dsa|sql|ml|java,0,5,73,3,1,0,0
7.39,none,2,1,64,5,0,3,0
9.55,none,2,5,60,5,3,1,0
6.81,dl|c++|python,0,4,54,4,2,0,0
5.09,dl|sql|python|java,0,5,47,10,3,0,0
5.52,python,1,0,93,5,4,2,0
8.97,dl|python|c++,0,4,89,3,3,2,0
5.41,none,1,2,69,8,1,1,0
8.52,none,3,1,30,8,1,0,0
6.52,dl|ml|python,3,4,61,8,0,2,0
6.39,none,3,5,92,10,2,2,0
9.38,dl|c++,1,3,41,8,1,3,0
7.77,python|java,3,0,73,4,2,0,0
5.92,dsa|sql|c++,0,2,64,5,0,1,0
8.54,none,3,0,82,5,0,2,0
6.23,dsa,3,0,93,4,0,0,0
7.25,none,0,3,42,9,2,2,0
9.77,dsa,2,0,57,9,1,2,0
5.91,sql|c++|ml,0,1,83,3,3,1,0
8.05,sql,3,3,90,7,2,0,0
9.64,c++|java|python,3,4,83,3,2,3,0
8.23,python|java,1,0,61,6,2,0,0
9.12,dsa|ml,1,0,93,5,0,0,0
9.41,sql|dsa,0,2,94,7,2,1,0
9.01,ml,3,2,71,4,0,1,0
5.66,java,3,4,39,7,1,2,0
9.13,ml|dsa|java,2,1,40,4,1,1,0
7.02,c++|python|dl,2,5,90,8,0,0,0
5.89,c++|dl|ml|dsa,1,0,85,7,2,1,0
7.06,none,1,3,72,8,2,1,0
5.4,ml|sql|dl|dsa,3,4,45,7,3,0,0
6.52,dsa|c++|python,0,2,78,10,4,2,0
7.98,c++|dsa,0,5,50,4,1,1,0
7.48,none,0,1,68,4,4,3,0
5.03,none,1,3,38,5,1,0,0
5.47,c++|sql|ml|dsa,3,0,89,4,1,2,0
9.31,dl|sql|java|dsa,2,1,48,6,0,2,0
6.97,ml|dl|java,3,4,66,8,3,0,0
6.36,sql|c++|dsa,3,3,41,10,2,1,0
6.9,java|ml,3,4,52,3,1,1,0
7.92,python,2,3,35,10,0,3,0
9.2,java|dl,0,0,86,10,0,0,0
6.81,none,1,3,94,8,1,2,0
8.6,sql,1,0,71,6,4,0,0
5.76,dl|java|dsa|c++,3,0,40,9,1,3,0
7.24,python|dsa|dl|sql,3,3,49,6,0,1,0
5.65,c++,2,0,61,7,2,1,0
6.15,java|python|c++|dl,1,1,52,10,4,1,0
5.1,sql|ml|java,1,0,42,10,0,3,0
7.06,none,2,2,58,9,1,0,0
7.03,c++|java|dl|sql,0,2,51,10,2,1,0
6.85,dsa|ml,2,2,81,6,0,1,0
7.87,dl|python,0,1,47,7,0,3,0
7.47,java|c++|dsa|python,0,5,37,10,2,1,0
8.33,java|dl|ml,2,0,76,4,1,3,0
6.25,python|ml|dl|dsa,3,0,93,3,2,3,0
8.99,dl|c++|java|dsa,2,5,67,5,1,1,0
5.15,java|c++,1,1,92,6,2,2,0
9.19,ml,0,0,35,8,4,0,0
6.57,java|c++|ml|dsa,0,1,76,9,4,1,0
6.14,ml,2,3,35,5,1,0,0
9.56,ml|sql|java|c++,3,0,35,3,3,0,0
6.93,dsa|java,0,1,54,3,1,0,0
5.81,java|dsa|python,1,4,66,5,2,3,0
7.04,none,2,4,92,5,4,0,0
6.3,java,2,1,66,3,0,0,0
7.46,sql|c++|dl|dsa,3,5,50,6,3,0,0
5.77,java|ml,1,4,67,3,3,1,0
8.08,sql,2,0,30,6,3,2,0
5.98,none,2,5,94,8,2,1,0
7.25,sql,1,1,75,6,1,2,0
7.5,java|sql|dsa,3,0,54,3,4,2,0
6.29,ml|c++,1,3,71,9,2,0,0
9.06,c++|sql|ml|dl,1,4,87,9,3,0,0
7.14,java|dl|c++,1,3,32,4,4,0,0
8.68,dl|dsa|java,3,3,49,4,0,1,0
6.35,dsa|dl|python|java,3,1,78,4,0,3,0
9.71,dl,0,5,65,3,2,1,0
9.47,c++|dsa|python|java,2,2,50,3,3,1,0
6.9,dsa|dl|python,3,4,48,4,2,2,0
8.21,python,0,5,35,4,0,1,0
7.31,c++|dl,1,1,81,4,2,0,0
5.17,python,1,3,85,5,2,0,0
6.24,c++,2,3,42,4,2,0,0
9.26,sql|dl|dsa,1,2,57,4,1,1,0
6.1,dl|java|c++|dsa,0,0,54,4,0,1,0
6.8,c++|java|dl,3,0,72,5,0,3,0
9.73,dl|python|dsa|c++,2,2,41,4,3,3,0
6.45,c++|dsa|dl|sql,1,4,42,8,0,0,0
8.36,dl,0,4,58,9,4,1,0
6.29,java|c++,0,3,42,6,1,3,0
8.96,python|ml,0,0,77,7,0,3,0
8.15,c++,3,1,51,6,2,1,0
7.52,python|dsa|sql,1,4,86,8,1,0,0
7.24,python|dl|sql|java,2,4,63,9,3,3,0
5.35,ml|sql,2,5,67,3,3,3,0
8.27,sql|python|dl,0,2,70,10,3,0,0
5.55,java|ml|c++,0,2,54,4,3,0,0
7.72,none,3,4,37,5,0,1,0
5.49,c++|ml,2,4,69,9,4,3,0
5.63,c++|dsa|dl,0,3,45,6,2,0,0
8.02,dl|sql|java,3,3,40,5,0,2,0
7.07,c++|java,3,0,68,6,0,3,0
7.13,ml,3,1,94,7,2,0,0
6.65,python,3,2,71,10,1,2,0
8.49,none,0,4,90,6,2,2,0
5.09,c++|java|python|sql,2,1,36,6,4,3,0
5.3,none,2,2,34,10,0,1,0
5.61,java|sql|c++|ml,1,2,67,7,2,2,0
6.04,java|dl,3,0,67,9,3,3,0
6.39,c++|java|sql|dl,3,3,65,10,1,3,0
5.7,java|dl|ml|sql,0,1,83,3,4,1,0
8.91,dsa,0,4,49,6,2,1,0
6.31,python|ml,1,4,59,6,2,3,0
6.99,ml|dl|java,3,5,73,4,3,2,0
9.42,dl|dsa,1,4,45,7,0,0,0
8.99,dsa|sql|c++,3,3,76,8,3,1,0
7.38,sql|python|dl,0,3,76,7,3,3,0
7.89,sql|python,3,1,39,5,0,2,0
5.15,c++|dl,3,4,62,4,1,1,0
6.41,ml|dl,1,1,95,10,2,3,0
8.21,dl|ml|java|dsa,2,0,63,9,0,1,0
5.53,dsa|java|ml,0,3,79,10,1,0,0
8.45,dl|dsa|sql,3,0,74,9,3,0,0
9.26,python|dsa,0,5,33,10,4,2,0
5.26,java|dsa,0,4,95,10,2,3,0
7.28,ml|java|sql,1,2,95,8,3,1,0
5.72,python|c++|ml|dl,3,2,34,7,2,3,0
7.45,none,1,5,71,10,0,2,0
8.56,c++|ml|sql|dl,3,2,87,4,0,3,0
7.46,c++|python|sql,2,2,39,9,0,0,0
9.07,dsa|sql,3,0,32,3,2,0,0
7.21,sql|dl,0,2,41,10,3,3,0
8.65,python,1,5,77,7,1,3,0
9.1,none,1,2,50,10,3,2,0
6.15,none,1,5,64,10,1,1,0
5.9,c++|ml|dsa,3,3,55,8,4,2,0
8.82,c++|python|ml|sql,3,2,61,3,3,1,0
8.94,dl,3,1,33,10,2,0,0
9.56,dsa|sql|dl,2,4,41,5,0,0,0
5.03,java,0,1,84,4,0,1,0
9.22,sql,2,0,84,8,3,3,0
9.71,dsa,1,2,40,3,4,0,0
7.24,ml,1,3,48,8,3,2,0
9.3,none,1,2,37,3,4,1,0
6.21,ml|java|c++|dl,2,0,33,7,3,1,0
5.47,dl|java|c++,2,3,52,6,4,3,0
7.86,c++|dl|python|java,1,5,53,6,1,1,0
7.02,none,0,5,95,9,3,1,0
8.85,ml|java,1,4,76,7,1,1,0
8.48,python|dl|java,0,3,93,7,4,2,0
8.47,none,2,1,92,7,3,1,0
8.04,sql|java,0,1,80,8,0,3,0
6.64,none,2,4,71,9,0,0,0
5.56,python,2,1,48,3,4,2,0
8.23,ml,2,5,83,4,1,0,0
8.0,none,2,4,67,7,1,2,0
6.83,dl|ml,2,5,70,8,2,2,0
8.11,sql,3,4,70,8,2,1,0
9.66,none,3,3,31,4,1,1,0
7.2,c++|sql|python|dsa,0,5,44,6,1,3,0
7.96,c++|dsa,3,2,46,7,0,2,0
9.23,ml|dl|c++|sql,0,5,43,8,3,2,0
7.88,sql|dsa|dl,1,2,42,10,1,3,0
8.42,c++,0,4,94,8,3,3,0
8.15,none,3,4,81,7,1,1,0
6.59,dl,3,1,53,5,3,1,0
5.15,none,1,3,76,5,3,0,0
8.19,ml|sql|python,3,0,48,9,1,3,0
7.3,none,3,1,92,3,0,1,0
9.44,none,2,5,42,3,4,0,0
8.93,java|c++,2,4,32,8,2,3,0
8.44,java,1,1,94,9,1,2,0
8.64,dl|sql|python,1,2,91,9,4,1,0
5.72,none,0,1,40,7,0,2,0
9.56,ml|dsa,0,4,55,3,3,1,0
8.59,python,1,0,44,4,0,1,0
7.58,python|ml|java|c++,2,5,48,3,4,0,0
6.04,python,2,3,71,5,0,3,0
8.66,dl,0,5,43,6,3,3,0
8.64,none,2,0,87,5,0,1,0
7.01,python|java|c++|ml,3,5,62,4,2,2,0
5.28,c++|java|dl,1,3,53,6,3,1,0
9.15,none,1,5,78,6,2,1,0
6.97,ml|dl|c++|java,2,0,35,8,4,0,0
9.42,java|sql|ml,2,1,73,10,1,0,0
5.9,none,2,0,88,3,4,1,0
9.13,sql,1,4,71,3,0,1,0
8.72,dsa|ml,0,1,44,9,0,3,0
8.72,none,3,5,36,7,1,0,0
8.46,ml|java,3,3,68,9,2,1,0
9.69,none,3,3,45,10,0,0,0
6.47,none,1,1,30,8,4,1,0
8.62,dsa|c++|java,0,3,57,4,1,3,0
5.07,python,3,5,44,4,1,1,0
6.96,ml|dsa|dl|c++,2,3,45,5,4,0,0
6.26,c++|dl|sql,0,5,30,6,0,0,0
9.59,c++,3,4,94,5,4,1,0
5.37,none,1,3,55,8,2,3,0
6.26,c++,3,4,38,3,4,0,0
5.88,none,1,2,84,7,3,1,0
5.51,c++|ml,2,1,46,3,3,1,0
6.61,none,0,2,82,8,2,1,0
6.55,sql|dsa|dl|ml,0,4,75,4,1,1,0
9.62,sql,2,0,32,9,4,3,0
5.17,none,3,5,50,7,3,3,0
9.77,none,1,4,32,8,0,0,0
9.51,dsa,3,4,94,7,2,3,0
7.77,ml|dl|python|sql,2,5,31,6,4,2,0
7.82,ml|dsa|python,1,0,62,6,1,0,0
5.77,sql|java|dsa,2,2,44,6,0,1,0
8.33,java,1,2,58,6,2,2,0
7.32,none,1,5,37,9,0,0,0
7.67,dl|java,0,1,31,7,4,1,0
6.43,none,0,5,39,6,4,1,0
9.44,none,0,0,46,3,4,0,0
7.54,sql,3,2,43,7,0,2,0
7.69,dl|java|python,1,4,40,5,1,0,0
7.15,sql,3,5,48,4,3,2,0
7.92,dl|python,3,5,54,6,1,2,0
5.63,dsa,0,0,63,7,1,3,0
7.74,sql|python|dl,2,5,33,10,3,1,0
5.0,python|dsa,1,4,73,3,0,2,0
7.54,python|sql,1,0,67,3,1,1,0
9.71,python,0,0,92,9,0,3,0
9.41,c++|java|ml,2,1,57,7,4,0,0
6.41,python|dsa|sql,1,0,36,3,4,3,0
5.6,none,2,4,85,4,2,0,0
7.31,c++,3,2,87,4,1,2,0
7.38,none,0,2,63,7,0,0,0
7.08,none,1,5,42,5,0,3,0
7.47,python|dsa|dl|sql,2,1,35,3,3,2,0
9.54,c++|dl|java|sql,0,0,74,3,3,0,0
7.41,sql|java,3,2,94,7,0,0,0
9.4,sql|ml|c++|java,3,4,47,6,1,3,0
6.9,dsa|sql,0,1,61,5,3,2,0
9.13,java|sql|dsa,3,4,53,3,1,2,0
8.45,dl|python|sql,2,3,41,9,0,0,0
5.02,sql|java|dsa,1,2,73,4,1,3,0
6.12,none,0,4,94,9,4,0,0
7.7,dsa|java|python,1,3,57,6,1,2,0
6.78,sql,1,5,71,7,1,0,0
8.49,none,3,1,60,9,1,2,0
7.45,dsa|c++|ml|dl,1,0,66,5,0,1,0
9.22,c++|sql|python,3,3,46,10,2,3,0
8.25,java|ml,2,3,35,4,1,1,0
9.11,sql|dsa,2,4,47,6,2,2,0
9.63,ml|python|c++,1,2,42,9,1,3,0
5.13,python|dl|c++|ml,0,5,91,5,0,3,0
7.18,java|sql|ml|python,2,2,89,8,2,3,0
5.29,none,3,3,64,7,4,0,0
8.91,dsa|sql|ml,1,0,89,6,3,0,0
6.6,python|java,3,5,54,9,2,1,0
5.31,sql|c++,2,4,45,10,4,0,0
6.65,dl|sql,0,0,42,4,4,2,0
5.56,java|c++|sql,3,0,91,9,3,1,0
9.37,none,2,4,94,5,4,0,0
9.54,c++|sql|dsa|java,1,5,89,7,4,3,0
7.5,none,2,0,32,5,3,1,0
7.86,c++,0,2,40,7,2,2,0
6.17,dl|python|dsa|ml,1,5,54,8,2,3,0
5.15,dl|sql|dsa|ml,0,0,46,9,4,3,0
6.77,none,1,1,54,3,3,0,0
5.82,java,3,4,39,8,4,3,0
6.23,ml,2,0,73,10,3,3,0
5.19,dl,0,3,59,5,1,3,0
8.16,java|python|dsa|dl,1,0,39,9,2,3,0
5.86,c++|ml|java,2,4,48,9,4,0,0
6.06,sql|dl|dsa|ml,2,5,63,7,1,3,0
8.98,java|dl,1,5,75,4,2,3,0
7.34,none,0,4,70,4,0,2,0
5.39,java,0,3,42,5,2,2,0
5.29,sql|python|dsa|ml,3,2,75,9,3,0,0
5.13,java,2,4,42,3,1,0,0
8.03,c++|sql|python,1,3,86,8,3,1,0
5.99,java|python|ml|sql,3,5,72,9,4,2,0
5.14,c++|java|dsa|python,1,2,58,10,4,2,0
8.43,none,2,3,65,5,2,2,0
6.41,sql|dl,2,4,50,10,3,3,0
5.9,c++|dsa,1,1,76,8,3,3,0
6.69,none,0,2,64,6,3,0,0
6.18,c++|python|dsa,0,4,83,4,4,1,0
5.88,none,0,1,85,5,1,3,0
6.27,dsa|sql|c++|ml,2,1,88,8,3,3,0
6.39,none,1,0,94,8,4,1,0
9.1,none,3,5,73,3,1,0,0
6.28,python|ml,1,4,52,10,2,3,0
8.47,java|python|c++|ml,0,5,31,3,2,2,0
9.14,ml|java|dsa|c++,3,5,36,7,4,2,0
8.04,none,3,2,95,3,1,1,0
9.11,c++,3,5,66,8,4,3,0
6.36,none,3,4,83,4,0,3,0
9.8,sql|ml|java|dl,1,2,83,9,2,2,0
7.41,dl,3,0,38,10,2,0,0
6.24,none,3,4,35,3,0,1,0
7.98,ml|dl|dsa|sql,0,5,89,10,4,0,0
8.69,none,0,2,40,7,2,1,0
6.69,dl|ml|java|sql,0,4,90,8,1,0,0
7.46,dl,2,5,51,5,1,1,0
6.09,ml,3,1,67,5,0,0,0
8.72,python|dl|c++,2,2,89,9,0,3,0
7.7,python|java|ml|dl,1,5,75,10,1,2,0
6.6,ml|c++|java|sql,2,4,59,7,0,0,0
8.25,java,1,0,81,6,2,2,0
6.28,none,0,3,45,4,1,3,0
8.62,c++|dsa|sql,1,0,54,7,4,1,0
7.73,ml,3,4,59,7,3,0,0
6.5,c++|dl|dsa|python,0,5,54,9,1,3,0
9.12,ml|dsa|dl,2,0,91,7,2,3,0
8.32,none,3,0,95,4,4,3,0
7.97,sql|python|dsa|c++,1,0,52,8,0,1,0
6.55,sql|ml|dsa|java,0,3,87,9,4,0,0
8.73,dsa|c++,1,4,34,10,0,0,0
7.02,c++|dl|sql,0,5,62,7,0,0,0
5.51,python|dsa|sql|c++,2,0,70,8,0,0,0
8.83,sql|dl,2,4,37,3,3,0,0
6.48,none,2,5,30,6,3,0,0
5.42,none,2,2,70,8,0,2,0
5.39,java,0,3,89,5,4,2,0
9.42,dl|c++|dsa|java,2,4,67,3,1,3,0
9.53,java,3,1,64,5,3,1,0
8.66,dsa,3,1,40,4,2,3,0
9.34,none,2,0,69,7,2,1,0
9.2,none,3,1,58,6,3,1,0
5.52,python,3,3,67,3,3,2,0
7.79,dsa|java|ml,3,2,39,9,2,3,0
9.25,none,0,4,54,9,2,0,0
8.14,python|java|c++|ml,2,2,88,10,2,3,0
7.78,c++,2,0,38,6,4,2,0
5.54,java,3,5,80,4,1,0,0
9.5,none,1,1,86,10,0,3,0
6.99,dl|sql|dsa|java,2,5,78,6,0,1,0
9.3,dl|sql|python,0,0,82,9,3,3,0
5.2,java|python|c++|ml,2,2,91,3,3,2,0
8.31,python|dsa|ml,1,5,67,4,4,3,0
7.26,ml|python|dsa,2,3,52,3,3,3,0
7.19,python|ml,3,5,71,3,0,0,0
8.88,dl|python|c++|sql,2,4,66,7,4,1,0
8.72,none,0,5,78,3,3,1,0
6.01,dl|ml|dsa|sql,3,4,40,6,2,0,0
9.34,java|ml,3,0,75,6,0,2,0
7.02,sql|python,2,4,75,10,1,3,0
5.14,python|sql|dsa|c++,0,0,95,5,2,1,0
8.71,dsa|java,1,1,78,9,0,0,0
7.98,python|java|dl,2,0,46,7,1,2,0
7.37,none,3,5,55,4,4,2,0
6.58,dl,0,4,32,8,4,3,0
7.45,ml|dl|c++|dsa,2,1,73,7,3,0,0
5.83,ml|java|dl,2,3,86,9,2,1,0
8.05,java|c++,2,2,48,3,0,2,0
8.82,dl|java|dsa|python,2,5,43,10,0,3,0
7.6,python|java|ml|c++,1,0,51,7,0,3,0
6.46,dl|sql|c++|python,2,5,77,4,2,0,0
6.06,none,0,2,47,6,2,3,0
6.52,python|c++|ml,3,2,79,3,0,1,0
6.16,c++,1,5,48,9,3,2,0
5.66,ml|python|c++,1,3,62,10,4,0,0
8.87,none,1,5,78,6,4,2,0
6.16,none,2,3,91,10,0,3,0
9.58,ml,2,2,55,5,4,3,0
8.77,c++,0,0,62,7,3,2,0
9.29,c++|ml,3,0,79,6,0,0,0
6.52,dsa|c++|python|java,3,4,68,5,1,3,0
8.52,dsa,1,4,89,9,1,3,0
7.17,dsa|ml,0,1,62,8,1,3,0
8.12,python,1,1,55,4,2,3,0
7.05,sql,3,3,32,10,0,3,0
9.18,none,3,4,44,3,3,3,0
6.33,java|c++|sql,2,2,57,5,0,1,0
8.63,ml|java|python|dsa,1,1,48,5,0,0,0
7.4,sql,3,1,38,10,2,0,0
8.89,c++,2,1,36,6,4,2,0
6.65,dl|ml|dsa|java,2,0,48,10,3,0,0
7.25,java,0,3,54,5,0,3,0
8.26,sql|ml,0,3,62,5,1,1,0
9.46,java|sql|dl,2,1,57,3,2,1,0
5.96,ml,2,4,95,7,0,2,0
7.97,none,3,5,93,8,2,0,0
6.0,dl|c++|java,2,2,53,9,3,2,0
5.74,none,1,1,77,10,3,0,0
9.45,none,1,1,91,10,1,3,0
9.09,ml|dsa|sql,3,2,31,4,3,1,0
7.5,java|ml|dl,1,2,95,4,4,2,0
8.31,none,2,2,70,6,4,0,0
7.56,c++|sql|java,3,2,75,4,4,0,0
5.36,none,0,3,38,4,4,1,0
7.73,none,3,3,30,10,4,0,0
5.4,dl,1,3,44,9,3,3,0
9.77,c++,3,1,88,5,2,2,0
6.69,c++|python|dsa|sql,3,5,48,6,0,3,0
5.81,none,2,5,56,7,1,3,0
8.12,java,0,2,39,7,1,2,0
9.16,java,0,0,86,10,2,3,0
9.03,dsa|ml,2,2,56,10,1,2,0
6.86,sql,3,4,53,8,2,2,0
7.94,dsa,1,0,81,10,0,1,0
6.21,none,2,1,48,3,1,1,0
5.11,none,2,1,79,5,4,2,0
9.48,dl|ml|c++|sql,1,0,48,4,3,1,0
5.8,dsa|dl|python|java,2,1,68,8,3,1,0
6.78,none,2,3,33,3,4,2,0
7.47,none,0,2,50,3,0,0,0
6.32,sql|ml|java,1,3,41,6,2,2,0
9.52,sql|python,1,1,92,6,4,2,0
7.51,none,1,2,66,7,1,3,0
6.73,python|java|ml,0,1,38,9,2,3,0
9.35,c++|dsa|ml|dl,3,5,50,3,3,2,0
8.58,dsa,2,1,66,3,3,3,0
7.14,java|dl|dsa,1,5,41,6,2,3,0
9.71,c++|java,1,2,92,6,1,2,0
9.46,dsa|java|c++|sql,1,0,83,4,2,0,0
7.18,dl,1,4,80,3,3,2,0
6.09,none,2,5,72,6,0,3,0
6.09,none,1,2,90,8,0,0,0
9.76,dsa,2,3,48,5,4,3,0
8.78,python,3,4,69,10,1,2,0
6.4,ml|sql,2,0,91,3,1,0,0
8.45,java|ml,3,4,82,4,2,1,0
9.3,none,0,5,84,5,1,3,0
5.91,ml,2,5,41,4,2,2,0
7.52,dsa|sql|ml,0,0,60,4,4,3,0
8.4,none,1,3,70,9,1,1,0
7.27,dl|java,3,4,34,9,3,2,0
8.2,dl|dsa|python,1,1,45,7,4,3,0
8.7,python|c++|sql,1,2,54,10,4,0,0
8.02,dsa,3,5,71,4,4,1,0
6.74,java|c++|dl,0,4,79,7,0,2,0
6.85,python,2,0,63,9,2,0,0
7.84,sql|ml|dsa,0,5,70,10,3,3,0
5.5,java,0,2,95,8,2,3,0
5.62,dsa|dl|ml,1,3,91,7,0,2,0
6.69,none,3,0,48,3,3,0,0
6.62,dl,3,1,56,9,3,0,0
6.74,c++|ml|dl|sql,2,2,53,7,3,2,0
7.23,c++|dsa|sql,3,4,66,6,1,3,0
8.9,c++|sql|python,0,4,68,9,4,3,0
8.35,sql|c++|python,1,0,75,4,0,3,0
7.27,none,2,2,84,4,0,3,0
6.49,none,3,1,70,6,2,3,0
7.75,dsa|sql,1,5,48,6,4,0,0
6.04,dl|java,0,4,73,5,4,2,0
7.02,python|sql,0,3,36,10,0,1,0
8.79,dsa|sql,0,5,86,7,1,3,0
7.97,dl,2,4,81,8,4,0,0
7.8,c++|java|dl|python,0,5,69,7,3,0,0
9.1,sql|java|c++,0,2,91,5,4,3,0
7.94,dl|java|dsa,2,5,87,7,3,0,0
7.51,ml,0,1,63,10,3,0,0
5.76,sql|dsa|python|ml,3,2,73,4,3,0,0
6.18,dl|c++|dsa|python,1,4,49,7,3,3,0
8.91,dl,0,3,31,4,0,3,0
6.3,java|python|dl|c++,3,2,63,4,4,2,0
7.73,dsa,1,4,35,7,3,3,0
8.39,none,1,4,73,5,2,2,0
5.52,ml|sql|java,2,2,74,8,3,1,0
6.7,java|python,0,0,81,9,0,1,0
5.02,sql,1,1,77,8,0,2,0
7.15,ml,0,1,85,8,0,0,0
7.07,c++|ml,3,1,36,7,2,3,0
8.74,dl|dsa|c++|python,1,2,36,10,0,3,0
6.42,c++|python,2,0,94,7,3,3,0
9.5,dsa|python|java|dl,0,4,69,7,1,0,0
6.22,java|dl|ml|dsa,1,5,32,7,1,2,0
8.97,none,0,1,39,5,2,0,0
7.98,java|sql|python,1,3,47,6,3,1,0
8.67,none,1,2,67,3,4,3,0
8.62,sql|dl,1,3,68,6,1,0,0
7.7,java|ml,0,0,86,3,0,2,0
5.34,c++|python|sql|dsa,1,3,84,6,4,2,0
5.57,none,2,1,78,6,1,0,0
5.19,none,1,4,65,10,4,0,0
5.82,sql,1,0,40,3,2,0,0
9.09,c++|python|dsa|dl,2,5,84,6,4,1,0
7.91,none,3,3,68,10,4,2,0
9.75,none,3,0,71,5,1,3,0
6.3,dl|dsa|python|c++,0,0,66,8,0,2,0
7.26,dsa|dl|java,2,5,40,8,2,3,0
8.97,sql|ml,3,4,75,4,1,0,0
9.66,dl|python|dsa|ml,3,1,68,5,1,3,0
7.99,dsa,3,0,55,4,4,1,0
6.66,none,2,4,85,8,4,3,0
7.49,python|java|dl,1,0,81,3,3,1,0
9.77,python|ml|dsa|dl,3,5,69,3,2,2,0
8.91,python|dsa|c++,2,4,76,7,0,2,0
8.23,ml,3,4,31,7,4,2,0
9.48,none,2,4,59,3,1,0,0
6.82,java,2,2,58,4,1,1,0
7.42,c++,1,5,32,5,0,2,0
9.72,none,0,2,52,8,2,0,0
9.16,python,3,4,76,7,2,3,0
7.34,c++|ml|dl|dsa,1,3,58,9,0,1,0
8.08,java|sql|dl|ml,3,2,63,8,4,0,0
6.34,python|ml,1,5,30,9,4,2,0
